incident_type,claims,fraud_rate,avg_claim_amount
Fire,183,6.01,8799.787704918032
Theft,227,4.85,9887.025594713657
Weather,185,3.78,9706.397891891893
Water Damage,170,2.94,9255.783117647059
Injury,355,2.25,8839.224507042254
Collision,480,2.08,9043.046395833333
