region,claims,fraud_rate,avg_settlement_days
AB,298,1.68,23.248322147651006
BC,267,3.37,22.857677902621724
MB,145,4.83,23.406896551724138
ON,511,3.52,23.45792563600783
QC,243,3.29,24.604938271604937
SK,136,3.68,24.448529411764707
