grade,total_loans,default_rate,avg_loan_amount,avg_credit_score
A,293,1.71,18621.317406143346,725.7747440273038
B,304,2.63,17573.138157894737,699.4375
C,308,8.12,17804.33116883117,673.6655844155844
D,220,10.0,18042.295454545456,652.4363636363636
E,177,22.6,18586.15254237288,641.7853107344632
F,119,34.45,18895.823529411766,608.344537815126
G,79,58.23,18663.98734177215,586.1518987341772
